Cement %,Iron Ore %,Fine Aggregate %,WFS %,Compressive Strength (N/mm2)
50.455878102993076,49.75348228803572,91.69183319696975,8.203008814978626,2.2435102462768555
50.714863467630494,46.81055852050943,72.34239265418763,26.311736294026655,1.379873275756836
50.12007039598832,51.85695470167275,57.988258836210356,41.84596543819802,1.0672862529754639
58.12870837746567,38.38724169450573,81.49614446353975,18.692217511264136,1.7167344093322754
57.91830724380092,36.9777913548024,90.71283777703468,9.908004563347971,2.2435102462768555
63.327225355827025,38.02501263020804,88.32762638538595,10.478867189020715,1.8265643119812012
49.86689761783998,48.44229105964345,80.12533797487036,22.76559615830858,1.7167344093322754
68.74146601874672,29.693329116980482,64.1210742265838,39.504680231171584,1.2334452867507935
,0.9170663936469529,,0.0,4.636066913604736
58.832082921843046,39.93446023559315,53.68408219786043,52.997151625018134,1.0672862529754639
48.63273630428561,53.0679416118571,69.38182076861544,27.805794002570916,1.100165843963623
72.73512610487235,31.005042783584074,67.42799377111125,33.20227888414901,2.0896055698394775
48.99482195475384,50.95172735686627,58.96158649126862,39.02499438366313,1.0672862529754639
47.31973453566373,46.14706893785156,80.43930792833508,17.134196263964242,1.7167344093322754
58.04561507404236,40.5994675385432,70.42793446104578,34.154063686820024,1.379873275756836
58.63012510762885,37.02815819212786,62.592756667697245,41.84423405257152,1.100165843963623
50.965739180196834,48.008289869816586,86.63046095842816,10.05857724941279,1.7167344093322754
51.015350662482724,50.31219546462092,76.53252878525474,17.605309376092794,1.379873275756836
49.7780321585026,53.607910364126006,48.943988814942145,47.06955647465434,1.0672862529754639
49.557030835696956,49.34916100847165,48.79281031371925,47.56495469804265,1.0672862529754639
60.45107312487685,41.21987574856948,83.30463034374824,19.834714712855252,1.8265643119812012
69.25642663718114,32.00836912958407,73.42630133087242,27.204496024510835,1.5632532835006714
50.37458921905388,49.93678413135114,62.09957153748843,36.571318233359406,1.100165843963623
72.8595687819752,28.988146646628422,51.7623578701802,47.51637265484259,1.7966835498809814
67.35426771748962,33.73845137164944,70.5217635017585,27.952743277914806,1.5632532835006714
,0.0,,1.3722365296657686,4.636066913604736
71.39896783574255,32.423207339877465,91.43955271403578,9.952013225230976,3.289682626724243
69.94586464446952,31.375295436871525,58.52977614708421,43.16113162511904,1.1501048803329468
71.58148024925484,28.42899592077811,49.42402660092632,48.637485894691565,1.7966835498809814
47.64821512855663,47.98584111149004,57.42523510441829,38.62513488870124,1.0672862529754639
,0.0,,0.0,4.636066913604736
69.0005496563894,32.146438815593015,52.13843462171928,51.91258603133084,1.1501048803329468
47.78435348408817,48.765877568254176,60.72787548842396,44.57205678706429,1.100165843963623
57.912137962732544,37.27373874154794,59.3429566288448,40.58062406480511,1.0672862529754639
57.12157299146491,38.04768838998936,59.58275900590907,40.231715400402976,1.0672862529754639
52.43570264796689,50.84170565131184,62.08558836518379,38.37065404425874,1.100165843963623
70.54397619072024,31.904120938419297,66.98916964287336,30.622954864971263,2.0896055698394775
72.68154955743724,31.57516680289182,74.93119086353005,30.971159318325903,2.0504796504974365
60.78492323281336,37.55043973747633,72.27664331870778,34.44295890818079,1.5632532835006714
58.12573111862116,45.45144494214627,54.8317154610638,51.30528936859841,1.0672862529754639
58.200828935323884,40.923475800422125,89.46228228378499,7.457477844710539,1.7167344093322754
60.01840641571592,36.96686112277308,51.82377615972421,49.70198665803201,1.1501048803329468
49.07381694623248,47.30130162876226,78.84540739310765,15.170166730594378,1.379873275756836
60.57909748973348,42.703802227496375,51.322824550998554,48.97149657357665,1.1501048803329468
68.91489808893681,29.054035609397232,78.68542073077273,19.501379809590116,1.5632532835006714
60.49239108309157,43.004880617376585,77.88526297852707,18.373069294359567,1.5632532835006714
52.492792373773696,50.669606448338534,50.782776210345475,47.286298894971615,1.0672862529754639
61.10036086367164,42.4999732137102,78.3136663899352,22.12819601707936,1.5632532835006714
63.00825788183603,39.835256271887694,89.39460586214716,8.715322596104055,1.8265643119812012
54.57711394556353,52.524520917428866,84.78742182057967,10.471173285865254,1.7167344093322754
71.33582036053042,32.965338515649066,80.92905468413853,20.477242878113014,2.529945135116577
60.99602894530147,38.72551540551754,55.96850923650277,39.87483655850515,1.1501048803329468
67.57523014812065,29.19096064222065,62.009871321885534,37.56331673736399,1.2334452867507935
62.126489779013106,39.79253526331086,93.76175577945541,12.649546740088022,2.734595537185669
70.78807596788911,28.865972281008396,78.75192037723787,20.25840462091232,2.0504796504974365
48.0712633610472,50.09026716349478,50.96266714532922,48.92427837594322,1.0672862529754639
,0.010329163291684358,,0.0636743443058811,4.636066913604736
68.36543000747453,28.656079874079314,59.499256781610946,39.513342971476284,1.1501048803329468
69.54040122485328,26.849579396156397,50.572638468373235,47.40004171169833,1.1501048803329468
60.825832951599835,40.04589831691089,62.139930678467664,38.64482520635694,1.2334452867507935
71.59903964075683,28.201805332020268,71.79924527734487,30.07141995737666,2.0504796504974365
70.47676865777183,28.564975759263888,70.8930621399254,26.75282171255536,2.0504796504974365
58.43514979379833,43.62055295602423,58.113119874437196,39.92491373157837,1.0672862529754639
46.78686843103013,51.990466373469495,60.155263110341025,39.172873125866346,1.100165843963623
49.13705655591103,49.02486432773293,46.77202155976113,49.305845027299505,1.0672862529754639
59.11812633729689,39.1932573167242,55.566904227168315,42.1457716744876,1.0672862529754639
59.79799557879453,41.0415406658288,88.81317586491619,15.387066998968242,1.7167344093322754
60.45576242628543,40.75974755115205,53.56589501429481,52.32876306373176,1.1501048803329468
52.04398216111351,51.16203545106127,93.21453767727668,8.530298610696198,2.2435102462768555
64.61229980162463,27.3466692458117,90.38413774655932,8.902391619479754,2.734595537185669
67.74938661395834,31.46652370972602,82.33710120322961,20.43060533326984,1.8265643119812012
49.472292670466516,52.42671655063476,68.60286468100902,27.224390687440515,1.100165843963623
48.90373978429002,53.38664821178433,50.19869601300415,47.86080301182187,1.0672862529754639
49.076484585623525,48.81834990294597,89.36274968949189,10.994631955447367,1.7167344093322754
60.88663762360315,42.75908081579619,71.29143084063917,28.32147435671063,1.5632532835006714
51.51697015146818,50.67545510258675,87.20551220635477,12.433024357899486,1.7167344093322754
62.05457557824857,38.54365406919644,59.37784965604255,39.04904961882154,1.1501048803329468
71.36681861706425,28.067308784221108,82.41248396809972,17.68915933692458,2.529945135116577
71.53729652454658,30.455445379448626,71.38059488003196,30.685429621085667,2.0504796504974365
49.8541192536281,52.85112575071827,59.8953134883295,39.077674552936024,1.0672862529754639
61.65911144172658,41.60944901037422,60.859071861200086,39.585240066227854,1.2334452867507935
,4.713682432931624,,0.0,4.636066913604736
48.963184031476,51.98304027320901,50.663359230977356,50.82538176214507,1.0672862529754639
59.80880165638952,43.06485264553212,90.40914822845977,10.538814956507624,2.2435102462768555
49.62150610590849,49.823412250602914,69.94452955167677,29.612986719943635,1.100165843963623
70.05446588818229,33.28313577895293,50.326166794112766,50.56519561102931,1.7966835498809814
60.13551544794624,40.12603063443459,90.06280156411238,8.819100874365002,2.734595537185669
47.06309115796307,52.42507383100198,80.39795810874912,20.057614760254683,1.7167344093322754
61.878974221621995,46.451327084823895,51.873140917481464,47.39025080773227,1.1501048803329468
69.86517474566881,29.305635709247323,90.59732634522258,10.775509225657661,2.734595537185669
59.300885504272294,37.66584571090091,89.9293268179108,10.249851629627974,1.7167344093322754
67.16738616760169,28.96938794029123,92.93127776583046,11.152956077345305,2.734595537185669
49.40939422283527,52.854980158298716,68.4667197211723,29.033640426136223,1.100165843963623
61.78531482027111,41.61965826343811,90.34497333400397,10.592411344420118,2.734595537185669
58.06004284350092,42.73554016230974,82.35922947205552,23.279069056672924,1.7167344093322754
58.722838193908345,38.993686835517856,49.977924503427786,50.14867528442935,1.0672862529754639
58.36181014893865,39.45517547763126,71.77260962177375,30.54600571795799,1.379873275756836
,1.4556118171098362,,0.5700247859248592,4.636066913604736
74.26808836582987,29.75557926868899,92.5535514733517,11.16323677750428,3.289682626724243
67.96158376820529,28.950485585661987,73.54481230891273,27.62257281763195,1.5632532835006714
59.2853799840626,41.11272599317952,69.85445639475671,29.982743697743587,1.100165843963623
58.304412535437635,37.54263112152669,51.74775034474797,46.136372823655186,1.0672862529754639
50.75893960469114,49.4001480398021,81.4206318032434,22.383543676090284,1.7167344093322754
60.125027320718885,40.32609678388291,50.01469407644745,49.40759065044083,1.1501048803329468
47.49409822696672,50.70066841710781,86.88062972704523,8.99292230283305,1.7167344093322754
58.26951766325731,40.078896222192526,90.60805142718769,8.002960057318305,2.2435102462768555
70.23534861447834,32.085527238813434,88.66895560638636,10.38210449463863,2.529945135116577
47.73163614691505,50.512531058848644,79.38702666501233,23.19847306770226,1.379873275756836
71.87484414726524,26.5157565695988,47.853298363429516,51.60765879336866,1.7966835498809814
49.61985491850522,50.420418337765646,79.43265997050946,20.232400649648252,1.379873275756836
59.435337556202775,38.70009914883475,88.5002825395005,9.599675375742368,1.7167344093322754
50.50417528304148,51.78824926303647,88.87473647376231,10.552866353912062,1.7167344093322754
64.33869584500512,42.99235467189496,92.91630050544329,10.625570272257223,2.734595537185669
55.48034632443452,40.15245580049125,76.64905692353766,20.0927556849464,1.379873275756836
69.49964943738038,30.484842403044528,78.68941594118763,18.76561762873643,1.5632532835006714
55.19335889581949,44.45626584234893,59.04112978570945,38.36476358254063,1.0672862529754639
70.64202900147617,30.71992514561984,59.592142690839076,37.47350828866199,1.7966835498809814
,2.794345935490254,,0.0,4.636066913604736
58.58442347753384,38.698755840571444,77.8417395530015,19.692806878910616,1.379873275756836
67.98216605755768,29.722285051260425,72.58661494866729,29.340091958024487,1.5632532835006714
71.08654185536032,32.75113845875585,91.06284969143029,12.348781008794395,3.289682626724243
58.54947276416656,40.60696285071326,70.96626754140254,25.52590294811154,1.379873275756836
68.82852769670616,32.201752736670706,94.01011045365108,9.698058385322168,2.734595537185669
49.111380949265396,52.85009949439643,80.27750892741028,18.14366834628828,1.7167344093322754
43.721789290874625,53.0127003909523,77.9414015507251,20.008085425740813,1.379873275756836
47.54371270224033,49.31931072124817,80.35552356486949,21.755174699628746,1.7167344093322754
59.07462962969297,39.13662094518878,61.06813500050975,39.342477814984846,1.100165843963623
63.958474330080385,39.71357884183693,47.03799214482269,48.85883297337162,1.1501048803329468
71.90548675564601,24.008008834907685,60.823871307847774,38.036052773708626,2.0896055698394775
57.70702167910761,36.83798171548808,52.70767043516659,49.214154249792756,1.0672862529754639
67.47075205469861,27.546522425231277,76.35251702865676,23.504945018078974,1.5632532835006714
55.89288279694711,42.095116798793036,92.11935361710918,8.186276261682243,2.2435102462768555
49.75100551869161,48.16893597692842,80.09165691529597,21.926883582308793,1.7167344093322754
46.9336842101965,53.41654050619862,47.712742519447055,54.595454371170206,1.0672862529754639
49.27999791464747,48.79203576829138,89.74189399964354,10.725315706489724,1.7167344093322754
61.24149385098863,39.61763442176613,62.15294644315546,38.23057498462322,1.2334452867507935
50.86896510335844,50.25476347423242,68.93559209854116,30.135652115588396,1.100165843963623
60.19606396257761,38.1813220319795,49.59251408136537,49.59008716112808,1.1501048803329468
50.6313419949661,49.502614735316385,59.79277085821235,39.54597859042648,1.0672862529754639
,0.21136299017931948,,0.0,4.636066913604736
52.74723079422661,51.39367837888895,68.69140673382343,27.005477613646526,1.100165843963623
47.98832762082585,51.14135991463756,60.90408969299141,39.04347033586115,1.100165843963623
67.92417319970025,29.44408393662936,49.305299122071766,48.403576583558895,1.1501048803329468
52.705732543589455,49.290503269087445,84.81266759513339,20.514828151915605,1.7167344093322754
49.71093371788546,48.14840507785135,73.55825509030194,29.764166648336644,1.379873275756836
49.73718397689937,51.317268803946874,58.21662956405782,40.41059108389136,1.0672862529754639
50.2200526921728,50.147407700734874,87.49768975282598,7.281585503380967,1.7167344093322754
57.32981452010947,43.611758692938096,49.99030985184268,48.10982915074018,1.0672862529754639
61.59116202464647,39.52048999167858,88.4415682427155,10.425597983384662,1.8265643119812012
58.65380547576223,44.271614552611645,88.10333628167237,11.508897806166045,1.7167344093322754
51.1707924110624,50.69658263157218,82.75062641619076,16.534168367830357,1.7167344093322754
53.1068994102677,47.68812776059417,69.95847292099047,26.252068622936722,1.100165843963623
59.54499224212305,42.65693093474481,58.23242576165653,41.44152969044305,1.0672862529754639
72.21824338385825,25.076106526673378,65.38362392995865,29.55079316035629,2.0896055698394775
47.57101437550061,50.66395853483071,51.13654203366309,53.07246050649207,1.0672862529754639
59.314087346609554,40.58462253202589,56.27527861322857,42.59810652183441,1.0672862529754639
51.058527442025955,47.9282235832709,51.181404747498,50.339163329011505,1.0672862529754639
59.52783529501189,40.257080957472816,91.32403752623317,9.482058145036397,2.2435102462768555
49.252889150388334,54.63758547487169,50.86893382606907,50.226033568798464,1.0672862529754639
57.78413538563426,40.93878140206115,88.8859503784947,7.367542924545577,1.7167344093322754
,0.0,,0.0,4.636066913604736
57.603076430835,39.77947219790022,81.85442486077152,19.29449925830888,1.7167344093322754
58.370825463344445,42.37184289101955,69.19411007871456,35.30033497525078,1.100165843963623
,1.1230710856990855,,0.0,4.636066913604736
68.11901181075572,28.506046076531668,67.40170588972633,29.327026188120346,1.2334452867507935
55.04486045198284,37.88529709843278,68.69746136885522,32.744970562072744,1.100165843963623
68.23914740874868,29.55498605201014,49.25117954027807,50.44023949282289,1.1501048803329468
57.18015506009844,37.91591196190167,55.64064860212477,47.90332435365626,1.0672862529754639
55.153860983346426,40.755788510895634,78.68722227784863,20.009422964703234,1.379873275756836
48.85639820065778,50.2693041389547,48.89342479501548,55.32485946342719,1.0672862529754639
49.07049269847398,50.040369885234405,71.42050443646497,29.445218938262073,1.379873275756836
70.43739090181387,29.668449122765704,82.66842691164362,24.37951947068505,2.529945135116577
56.69860842254164,38.22336989201998,67.25338687429145,31.31044489988967,1.100165843963623
61.09262013137707,39.09860765643435,82.83611422564786,22.715459716688645,1.8265643119812012
60.04372544816356,39.548395390905576,71.54090515185287,31.3177625647399,1.5632532835006714
70.88530208706648,28.96020802705218,49.321680561754576,49.112599927420774,1.7966835498809814
57.43287933714188,38.43009409037549,94.10243268510786,13.352474627151782,2.2435102462768555
68.3672181039206,31.448638444235666,70.50537543040583,25.24528271433615,1.5632532835006714
47.483393236679504,49.668973456033285,59.26871262242854,41.76430150461499,1.0672862529754639
73.14734243332875,30.845894438553376,52.143960863945814,51.472883986131436,1.7966835498809814
70.70129471884701,29.390617964513446,46.99463309915514,47.55141627470652,1.7966835498809814
72.3825166232686,27.59328468288922,90.85422915669443,8.53978175757952,3.289682626724243
65.4501937495268,43.07577054141994,49.43483220211714,48.86686587667478,1.1501048803329468
60.419279948335124,41.79386685611693,78.64874372185521,18.082275115339353,1.5632532835006714
47.91653446201923,49.61789573288712,70.49953990147577,31.287378425949267,1.379873275756836
50.28744658017209,47.0622878166035,94.02736383137123,10.534456931479967,2.2435102462768555
68.73966983149249,28.556583998165266,88.5223806846854,10.089778626135777,1.8265643119812012
44.51703076586655,51.17912889767709,70.04308033207886,28.82629981172045,1.379873275756836
49.14171625527718,48.5104664756133,77.65630141638445,22.149526223277682,1.379873275756836
59.47605703330505,39.61284159697169,81.91838714959194,16.48534822607526,1.7167344093322754
59.69489332974911,38.72203491331991,60.062298932774496,38.582799580337145,1.100165843963623
47.6546247694845,46.40187327128387,68.39888621092736,26.278500053748502,1.100165843963623
59.31597413072191,40.36640166948003,58.822612450719305,40.04218277213955,1.0672862529754639
51.94100124255814,48.186288020967396,50.10023987327796,48.29080784837242,1.0672862529754639
48.666560662749646,50.05315289988209,79.56164490624819,19.54781676113068,1.379873275756836
68.95973936433306,28.992470169898468,78.56070112388728,18.905825896739618,1.5632532835006714
60.03570767751924,38.91105697571992,58.37937648644606,41.32631485022504,1.1501048803329468
68.98107353375455,30.786702738113433,71.7304076352433,31.255321779231913,1.5632532835006714
51.04758449433357,56.027865612536004,91.65739718973173,8.148055134884983,2.2435102462768555
53.71717643121066,46.131333575418864,92.12132370579032,9.551181610482182,2.2435102462768555
,2.660030215379455,,0.0,4.636066913604736
57.68355090098354,37.797282107017715,77.76797850357154,20.075276732687907,1.379873275756836
,0.0,,1.099987402695286,4.636066913604736
49.72426949925655,49.47546196524197,71.7292408650253,30.24714002194511,1.379873275756836
54.36385392635419,49.11940524897734,53.09864931735076,50.00299306779406,1.0672862529754639
69.27543314698494,26.40818477451025,91.20558886274611,12.405891712347753,2.734595537185669
51.45030422327429,52.895430670092026,61.80767793785975,39.41729566405886,1.100165843963623
,0.0,,0.0,4.636066913604736
,0.0,,2.251543186794457,4.636066913604736
59.97846044593277,37.58068467816048,49.43271036079616,50.885004954427,1.0672862529754639
47.49236641778387,47.35499857175508,47.156134765012844,51.47093178442902,1.0672862529754639
70.28966348116371,32.001451813002014,83.11472954470518,20.452331970331592,2.529945135116577
49.37943384018777,48.66770278677594,91.25915109258602,11.398478720875596,2.2435102462768555
48.54826572590023,47.66042899062186,92.32394215203333,7.063275748937151,2.2435102462768555
57.99750274856981,37.99580274808402,71.38259755500425,32.1322881692698,1.379873275756836
60.30753767968293,40.99292526431221,51.807599256531,50.60592555936898,1.1501048803329468
49.32833089115472,50.04337534450578,69.37497384350176,26.432482338868795,1.100165843963623
51.40041678012279,51.93429782819091,79.6290694698807,19.621578499274243,1.379873275756836
69.89873865161937,30.307308179090565,82.53512813040336,19.887176408656497,1.8265643119812012
60.14342233561388,40.37390554026383,80.19760859189527,19.808995935759384,1.8265643119812012
70.48078607883363,27.708467831010328,45.94491328794483,49.33885407946833,1.7966835498809814
62.593933097410606,38.70773020359674,81.62825376638014,19.754797075131354,1.8265643119812012
,0.0,,0.0,4.636066913604736
,0.23923701162940902,,0.0,4.636066913604736
,2.209647630483707,,0.0,4.636066913604736
53.331703394119636,52.79712074749948,82.32831532492432,20.391256254753436,1.7167344093322754
66.89874543487434,27.797364946914932,71.02177636457483,33.28801455088639,1.5632532835006714
57.3333471509209,40.120106037538676,47.166005063230095,51.26317345445705,1.0672862529754639
50.0388683275334,48.31288175881109,80.78571326467002,20.15919659939438,1.7167344093322754
,2.0023857860243606,,0.0,4.636066913604736
59.69033773633747,39.89981026794787,62.31083488242457,37.680008035968065,1.100165843963623
46.70655067684519,46.92082006318054,77.87547294492173,22.826972154426894,1.379873275756836
66.01492814953563,28.653675950663445,57.93161990839213,38.00005952135092,1.1501048803329468
62.34409265951674,43.47033095072483,82.49720979314462,20.859883106324027,1.8265643119812012
50.84062966829605,52.384735469775485,60.82089537489556,43.04679505095624,1.100165843963623
60.70368614808364,38.81966995399033,93.18669374552552,8.149701722001128,2.734595537185669
62.35356296586296,38.07617762698583,72.09998583813095,28.58925137246355,1.5632532835006714
59.979487434091695,42.313140396446705,91.24770943884803,13.369259871967403,2.2435102462768555
70.80155829022722,29.99392618067906,64.14717228665735,41.449436018936225,2.0896055698394775
46.63741278834474,50.43390322289445,46.02379117440566,49.35137834852645,1.0672862529754639
68.66648593368056,29.63799368642046,69.14732380414674,28.807542919808228,1.2334452867507935
,1.2163997581773622,,0.0,4.636066913604736
70.07237965547316,28.892634045453125,59.701451244043305,41.745101004300736,1.7966835498809814
58.268505459611376,38.52520667193286,81.12427547485021,23.815117587602852,1.7167344093322754
73.05561333584895,31.27730683001042,50.88552498055231,48.16566437925779,1.7966835498809814
45.98149920148012,47.73150772193088,60.755092238568075,40.40225762601729,1.100165843963623
60.82778451930577,38.7207942347693,80.23573427657396,22.805540875210976,1.8265643119812012
52.94832704040242,48.33753727428321,52.563406865494365,48.74340083934158,1.0672862529754639
60.48356658311717,40.210558661074295,80.39288605325423,23.043754392845464,1.8265643119812012
70.4074203250103,29.831893480570184,89.43669282945694,7.47656846944559,2.529945135116577
60.467671131872066,41.165198926363786,70.33373434428252,32.292931167347405,1.5632532835006714
48.43155056437817,46.78321679286162,59.68568067610682,38.740642978235854,1.0672862529754639
67.51707671901042,29.771723233321197,57.888366182803395,40.80537647285054,1.1501048803329468
51.51864754813487,50.5553523418228,58.61518247087891,39.99465305616489,1.0672862529754639
53.35069397805981,48.407204141921156,53.257272256859316,50.14869206618105,1.0672862529754639
62.69572485088945,41.39563621474885,59.40315241204262,43.99565325523587,1.1501048803329468
60.1292797222274,41.79360382071166,71.04418430321948,26.434033966152615,1.5632532835006714
48.273812690474756,51.75651586083266,81.54260207379677,22.510530505434495,1.7167344093322754
59.4807294462944,40.712215172316874,90.29597220897492,9.211013787545511,2.2435102462768555
60.43061852059798,43.7801538342174,57.49279702864106,42.04401964506924,1.1501048803329468
52.384353123471854,48.39510243706896,49.72214355891335,47.504209504554716,1.0672862529754639
68.5852020984486,27.488700543582013,76.56472599703997,21.401649414503666,1.5632532835006714
45.177071586721006,50.726101295734345,51.71045379520154,54.15556865274875,1.0672862529754639
51.22869553603508,51.65646933110226,93.30903318576615,9.862472710185282,2.2435102462768555
72.29886116724431,28.847612728009054,79.94955695069437,21.654273427086395,2.0504796504974365
58.12652973063924,40.18656627877348,49.25913854392056,52.14431115219014,1.0672862529754639
60.08513973920419,42.625444095860765,78.2331856341942,18.226312776714366,1.5632532835006714
70.64352798579469,27.633849100157736,89.36552925516385,9.48157991468168,2.529945135116577
50.57261880578374,53.09121500753048,93.04266507919868,7.678562295818684,2.2435102462768555
48.973952267424956,47.83484071256024,78.62266958251934,20.26564683345854,1.379873275756836
61.456495340240636,41.79590356422752,51.824712087663556,50.37937244148887,1.1501048803329468
71.88706217139458,29.810849454564607,50.7110761588489,50.61581975486174,1.7966835498809814
51.133655759409365,51.03860089538698,69.16774559947069,28.48985489596791,1.100165843963623
46.3229853894361,54.11039080946654,62.84065671165582,42.27397451134239,1.100165843963623
46.46229344214038,51.379486299368274,70.22203350457207,28.81435597868065,1.379873275756836
72.266319365201,31.922313321716125,72.52260675099255,33.63137015858817,2.0504796504974365
58.12086730574815,38.55784353667449,50.85150376562499,51.69793784751592,1.0672862529754639
48.31626307344091,48.076557144390534,68.11193657652665,29.815159626681318,1.100165843963623
73.12424280554333,30.914625934820457,68.08676337214503,29.503793986816646,2.0896055698394775
48.20229312211186,51.054083826910436,70.09832843609239,27.64490495560727,1.379873275756836
69.67662532960047,28.385267091790535,48.474140512032456,48.63937719040387,1.1501048803329468
49.80922073263937,50.25421934364861,80.89835028493304,21.371690881406522,1.7167344093322754
70.03929776927998,33.725988803710116,49.14749561298763,52.40648378831274,1.7966835498809814
51.15883603483136,54.233423596102774,66.69403164930524,32.19722565525459,1.100165843963623
,0.16037170100421283,,2.381327374910466,4.636066913604736
53.67861521121548,53.3151189476651,70.91591970265539,31.956857772240554,1.379873275756836
61.45523565958553,42.93978767985365,48.456934818060624,50.84114896545993,1.1501048803329468
48.68873163020698,47.91945475662036,81.99908543658789,17.329598621416014,1.7167344093322754
58.04998502334188,40.76061216715108,57.60058833620459,36.830304528220196,1.0672862529754639
47.00052824973343,52.713718301304205,73.11065834405974,30.327930535993932,1.379873275756836
62.50327927051039,39.76964361842221,50.120164154354235,47.59058519453318,1.1501048803329468
60.90044610637762,36.9075162426616,47.44312694752023,51.50379375392346,1.1501048803329468
59.09467282893363,40.65746411140374,80.52628524553151,18.33334324859761,1.7167344093322754
61.000330031022244,41.01408358174721,91.83220052170148,12.862539320144045,2.734595537185669
67.82762668643048,29.23996292090963,71.7409137041947,32.32068017842031,1.5632532835006714
55.88519821045086,39.2066702147183,56.70550157893735,38.5760605664183,1.0672862529754639
71.9282024236181,30.529621112633492,50.8041393792913,50.18234511850959,1.7966835498809814
49.642299993169544,51.79115063677494,47.3787928073075,49.83058462677285,1.0672862529754639
49.517934149345585,47.92412788756643,78.58499486397837,19.959130378034338,1.379873275756836
49.842741256646576,47.085664206051305,61.0620067564805,40.25941266062299,1.100165843963623
49.370912084529834,50.577576981174374,82.36456577173176,24.12878015462509,1.7167344093322754
52.71662617591607,50.6987035236519,63.07868416853267,41.407408416917804,1.100165843963623
62.100309962039134,40.354743208746285,60.390101673533856,42.48987685742649,1.2334452867507935
71.50687080454807,30.376260209420227,78.21313823110962,19.626631999627737,2.0504796504974365
49.25873448160043,46.89358482232719,69.10543788422471,31.953082738687254,1.100165843963623
46.64517189726887,48.25999844058525,61.91288760101958,40.81748850360986,1.100165843963623
47.41639758192518,52.25749792672312,69.33150511947605,32.316335446108816,1.100165843963623
64.362224248695,38.653493082972346,77.77739740858998,22.76846721599047,1.5632532835006714
47.02238247623088,46.4290178794964,49.89797152183522,49.570562566408455,1.0672862529754639
72.41609868752953,29.162332976643302,49.495599044264786,51.44937797379387,1.7966835498809814
60.30329868986515,41.25422215674985,80.69784998574484,20.10150165100116,1.8265643119812012
62.16449572159861,38.447215711132486,79.26470854709588,21.942539204766053,1.5632532835006714
50.99001265454425,50.99502892785724,90.62276213122055,11.484785859425688,2.2435102462768555
47.333194703123056,43.39845679894706,47.595888845430665,53.210443632298535,1.0672862529754639
60.979370439190234,37.93542015705628,79.29910638069452,19.03498791799238,1.5632532835006714
62.82795528944234,42.47752800201484,68.43733376179773,28.793678481764577,1.2334452867507935
60.513148744781944,41.428063883855316,71.00191337726619,27.605442994309353,1.5632532835006714
60.43126285103141,39.957266121708635,89.80611191131045,15.287478471812094,1.8265643119812012
62.796729112947155,39.076512464801,90.38720189601464,8.253630476131118,2.734595537185669
69.59927793883544,30.28998897541594,93.74824796521915,11.522296035386649,2.734595537185669
60.44194741940578,41.810134311638954,78.96647855156581,24.579188807520993,1.5632532835006714
46.8623855088892,48.618533555081704,90.54167324472743,11.325170251288936,2.2435102462768555
67.40402440418492,28.194167390038086,80.63585105856026,21.630957077287086,1.8265643119812012
67.5983068733275,31.7181554575773,92.16675683853441,6.037123812864062,2.734595537185669
68.03571617153716,30.926044109081907,72.46554203013248,30.542630126875004,1.5632532835006714
69.72745141658113,30.91085304886881,48.021431120524056,48.59280345382943,1.1501048803329468
48.38324398617178,52.484626046803626,70.4779204468418,31.06410523145995,1.379873275756836
62.526868860617064,43.97622507391226,59.703006763669656,36.90406530554814,1.1501048803329468
59.515252748606656,37.53095436708056,91.03935196393246,7.520520301014702,2.2435102462768555
65.5584253157782,40.19131771801425,76.52665421468805,19.087963930807938,1.5632532835006714
,0.0,,0.0,4.636066913604736
49.70384098051969,48.72069942315761,51.7164027539337,48.099832680638194,1.0672862529754639
71.17586242903722,31.854832644562258,88.31712271942175,10.722191250291768,2.529945135116577
63.10425065688619,41.27463501652472,58.41929989397621,39.62108071335299,1.1501048803329468
69.3376312247635,30.953004427699216,72.32037538121736,28.20645088747821,1.5632532835006714
,0.0,,0.0,4.636066913604736
68.6693795129866,31.422851865470548,59.87012749687819,42.08616473169477,1.1501048803329468
,0.0,,0.0,4.636066913604736
,0.0,,0.0,4.636066913604736
49.85599097202422,49.12297736297999,49.481568448815736,49.012568028474035,1.0672862529754639
70.26911143935372,30.323433388842908,90.13949047354704,8.742293868281097,3.289682626724243
70.32323248351909,30.618145182443666,76.47842623598747,21.532638433276016,2.0504796504974365
47.696370796564125,49.829401518537175,48.878992914951695,51.382986294337336,1.0672862529754639
58.16152272302189,39.83332882010815,89.95603208051344,10.430420009168703,1.7167344093322754
52.30457691875489,47.95624981824634,58.71806296327965,41.48130374403786,1.0672862529754639
67.1841338436328,32.8916438079978,49.45950167852568,48.98865678034812,1.1501048803329468
72.13208036682785,32.18010845045392,48.4685961031408,48.84121238326163,1.7966835498809814
53.34402184994071,53.43685919435693,51.06647821732183,51.81088663489338,1.0672862529754639
50.9541484911141,53.8408134350437,79.25860016377824,18.346629701657147,1.379873275756836
48.229433624713714,48.59231289064338,83.29376970499082,20.304487755884686,1.7167344093322754
60.004463697554144,38.90023607410513,90.68034196325077,8.654255966804712,2.734595537185669
61.96846144706523,37.28533179544076,59.324738549705465,39.892736096605894,1.1501048803329468
73.65787539728805,26.33077062945647,79.61724808006399,21.765740826709344,2.0504796504974365
49.64679368423166,47.823520281748934,67.65908975567193,30.36410350225316,1.100165843963623
56.06080145290334,39.32329622264201,82.43761398989861,16.106101563870755,1.7167344093322754
71.14830459930411,30.864537209439824,60.42083548973146,40.42442322084897,2.0896055698394775
65.9042740831228,31.735907147789522,61.26249382458724,40.25717401836647,1.2334452867507935
71.0017700420636,30.541084767493224,77.01826227557397,18.11993437105936,2.0504796504974365
,2.4158483179465255,,0.0,4.636066913604736
,0.43913552838465625,,0.0,4.636066913604736
58.878899997131654,40.67615383538921,70.36187440432522,29.38686090785275,1.379873275756836
51.404947815868375,48.720707923557065,82.32097249142029,20.719539026770644,1.7167344093322754
53.81191674592275,50.047377898827826,90.16275373275066,10.776643524033132,2.2435102462768555
51.863163003798675,50.727596418969185,63.21064979098624,38.743526952466944,1.100165843963623
49.687850239405066,50.91314148455268,61.44293879078607,38.69458434834223,1.100165843963623
70.51352695333905,27.86750948361863,61.48134452604831,42.760683435909066,2.0896055698394775
59.159742213609675,38.518806354748115,81.79829321643902,19.48453981176646,1.7167344093322754
69.50565929096243,30.306759944056562,49.56288681178685,50.455059772604734,1.1501048803329468
70.27549441192704,31.43945808900753,63.502971274148955,45.022243556498864,2.0896055698394775
49.00887397546899,48.283498537575376,81.48555816784986,18.59470841682844,1.7167344093322754
50.72123076412663,49.56833863421118,50.95958903082227,50.939977605888146,1.0672862529754639
48.39205630772152,47.320366850426026,89.25823259100541,10.687116611236533,1.7167344093322754
57.96109734559966,36.43780036608575,66.14422536676824,40.23117673944478,1.100165843963623
68.8973684929394,30.14421699803121,51.29124190627197,52.570256361181706,1.1501048803329468
,3.3612177103325167,,0.0,4.636066913604736
55.472985796377365,37.36248436518322,48.79324047691998,49.6826451261067,1.0672862529754639
59.63773267232282,38.74972497317062,82.01473251967896,20.252343880082865,1.7167344093322754
,0.0,,1.128413400005567,4.636066913604736
,0.0,,1.8739232177727867,4.636066913604736
54.06061051402161,46.77640288439158,70.68692457539214,27.186089883728243,1.379873275756836
68.13327835928884,30.689571289390347,52.65771865277174,49.15297000988581,1.1501048803329468
51.34792610709203,46.75213315496487,84.61384507696195,19.807674494527685,1.7167344093322754
62.894858978584764,40.25617546466246,49.463020444436665,50.80676935311798,1.1501048803329468
52.00780090574084,49.257650290276004,69.66735424794408,28.52043928762585,1.100165843963623
68.26540266391773,30.8884443241707,60.292116332287556,40.94012910551515,1.2334452867507935
61.226449395565425,43.30345756134627,66.80957390961107,27.99835133453381,1.2334452867507935
49.20615200493095,53.549631466839635,67.02893674852417,31.90007692206047,1.100165843963623
71.95962315677586,26.82507839105949,47.95597619436912,49.775793046720715,1.7966835498809814
68.08807973074288,27.090079516089837,82.20353908729753,21.103253190783867,1.8265643119812012
73.15579911530475,31.036487731786156,58.685661806419546,42.3928795922271,1.7966835498809814
70.90382089220665,31.216059325966974,80.65235195178846,19.121816803578284,2.529945135116577
57.7303836056473,37.89673296837981,50.74984280676839,47.79619072632358,1.0672862529754639
47.90103576961375,48.708948784485685,79.63116939559968,22.082148782911702,1.379873275756836
60.06444732371353,39.51754291800703,77.66217879300089,19.401812306325457,1.5632532835006714
58.47657286380613,37.28572058809896,49.689790009854796,50.00730348867631,1.0672862529754639
62.09060517532201,39.97535655671819,78.79678318697371,22.98918895615741,1.5632532835006714
57.91046722468627,39.26942623931314,60.16563717535352,38.273222999502394,1.100165843963623
50.4661297124639,53.210523750759165,88.28634649200981,4.5715555781558095,1.7167344093322754
59.11871208233559,37.864152951513795,81.84209020719938,20.541596348734114,1.7167344093322754
72.43003020162342,31.471508096858063,47.65735827903203,46.63604614367891,1.7966835498809814
62.71124497136851,39.265802613812994,45.30450972140903,51.69239207755728,1.1501048803329468
49.80368089127151,51.389234655892075,88.53712213608746,7.23686041502255,1.7167344093322754
48.686857803461656,52.367941216277146,59.50942520445933,41.93562663974208,1.0672862529754639
69.78359691119756,29.247803241354077,47.69066688874376,45.381508315431674,1.1501048803329468
70.91983994228612,30.151488863224404,79.76799492099855,18.175808477751325,2.0504796504974365
68.59976833648416,34.01457576765823,51.887797760776564,53.6832953486536,1.1501048803329468
52.40606127710898,56.29161866565707,59.969607201138224,39.77243600540935,1.0672862529754639
59.701276990122224,39.500052303960025,79.49820830391725,16.503808139104528,1.379873275756836
75.99715140556975,28.58269918711686,89.39642050525,12.382027123375847,2.529945135116577
73.50746184881177,30.43137400068399,87.40550860417966,10.41993016287299,2.529945135116577
48.17088240026697,47.7713937435201,90.44391059449117,7.944677882145621,2.2435102462768555
52.02072454655619,50.83224355182261,70.06235364623521,32.15281695372413,1.379873275756836
52.92629632672395,48.1063009659046,67.807808009897,28.057132847175158,1.100165843963623
69.82721348314178,30.88385359872894,68.75508078953642,28.168638537002185,1.2334452867507935
59.47525345587081,38.1918506619466,57.836051136385045,38.38954912098392,1.0672862529754639
71.77564246741699,30.67527918145419,62.64475777932632,36.78877136427791,2.0896055698394775
60.64039735657372,39.235836128417084,48.75598768765953,50.72405551709374,1.1501048803329468
73.61946736088757,27.02259672586526,88.28688256660314,9.232722060743601,2.529945135116577
60.24676381723951,39.118934531571206,86.67535760729861,6.326434860875109,1.8265643119812012
59.13375003503167,39.9072911801616,48.86809348026922,49.99103797163666,1.0672862529754639
61.70108745908939,38.979214597265205,90.03890488960616,10.384734495594952,2.734595537185669
47.977594241325626,50.411893268576414,92.43098802615934,7.586807537796988,2.2435102462768555
71.60967981567657,29.09467700892625,51.09664355512783,51.67690218685358,1.7966835498809814
48.374620151223326,51.36837742257134,87.97287914201243,7.454958203465051,1.7167344093322754
48.979012602546995,49.033836104521285,80.47277646022494,20.23394924156753,1.7167344093322754
50.09852552790367,48.331110965119336,62.503216408307715,38.490232456296724,1.100165843963623
,2.2433107235915832,,0.0,4.636066913604736
68.46132107618476,29.722343171540018,89.61529221308245,11.613052437890389,1.8265643119812012
72.32435442518675,31.149984276140362,61.13056483261568,39.659412022770276,2.0896055698394775
61.018741685058586,43.56016681902669,71.57772351704914,29.45668637916896,1.5632532835006714
72.01298867854824,30.93040560357044,61.31798179652082,42.843132477055825,2.0896055698394775
61.93367583610734,38.09936681679349,69.09956645164263,32.777315930434504,1.2334452867507935
61.16517510206477,42.6865276692487,49.77910412819173,49.783319725520265,1.1501048803329468
49.40875864001624,51.724173480953674,91.55675899716499,9.616095691462817,2.2435102462768555
47.50399198257723,48.80402434827022,90.2998248018042,11.363734669550437,2.2435102462768555
61.61114468099213,40.23478560823796,90.2955361172413,5.600385212719388,2.734595537185669
58.006687793451455,43.12829417369009,56.77371307926694,40.08587276917128,1.0672862529754639
,0.0,,0.9949515380883466,4.636066913604736
50.375971610761155,51.56502449450585,68.38609413595287,29.43138232066763,1.100165843963623
70.09835087297826,29.661279019364382,69.01435278007932,31.823339579829856,2.0896055698394775
60.673911757387906,38.400687672613344,77.68546686453415,20.474322166056663,1.5632532835006714
51.39684417198996,50.75814076224939,85.2532180947631,19.654088069573238,1.7167344093322754
70.59531825664718,30.380592227279095,59.56385252449878,37.39685400917917,1.7966835498809814
57.844908670953586,38.53547533225529,71.34599844408315,29.90865368976095,1.379873275756836
59.84073938331305,36.96074797235919,91.8121662370655,8.639644306566389,2.2435102462768555
50.65794619920184,48.257287101478944,90.7315955630567,12.074941126205678,2.2435102462768555
69.62994042808084,30.504767916282066,52.49784887212754,50.652247610609166,1.1501048803329468
60.03235352413951,41.61344090902942,78.66454041505473,21.111973308515367,1.5632532835006714
50.07811412376436,51.42046001298646,79.55135246318258,19.0103139734572,1.379873275756836
47.4905692294923,50.56127959194568,78.65543901418476,21.224201355201647,1.379873275756836
72.44419753847713,28.01571312671621,88.54183912767601,11.25514311442933,2.529945135116577
,0.0,,2.819166924652273,4.636066913604736
49.21199847316325,51.98739531660404,79.67502632299203,20.28695801886342,1.379873275756836
67.76279672193475,32.31919654036151,69.17512142618641,30.19880583006434,1.2334452867507935
66.58202158673402,32.7272984571895,78.86128846363573,21.79764099324587,1.5632532835006714
60.80362981691194,37.68221934536664,70.90344184409552,28.750357613375204,1.5632532835006714
70.63712180057178,31.724828300689218,87.38132170081673,14.69882006168552,2.529945135116577
50.61889651680105,47.82258323207521,61.64018271204666,39.35616840577229,1.100165843963623
59.70580943532583,40.534987360365754,59.26485489314116,39.66118824874712,1.0672862529754639
50.84740541719254,51.08185078325527,69.01693652592401,29.0921131985482,1.100165843963623
59.06704865001854,40.76995084548402,56.95634995790558,36.09559800506306,1.0672862529754639
69.28560587533897,28.563863956475267,48.83919980347336,54.30507961938024,1.1501048803329468
48.89811083695061,52.169966297022725,47.00294008527762,51.59723673437069,1.0672862529754639
71.25223662977807,32.230872183700264,71.8978480622108,33.574744834981175,2.0504796504974365
67.65559295177864,28.005338564947188,60.358634250291075,41.716764924564885,1.2334452867507935
60.434860617376685,38.86956659287351,78.91555037614432,16.937457559378377,1.5632532835006714
68.46833215977817,32.91262206742933,81.47163211627833,21.018658207367537,1.8265643119812012
71.33404974240013,31.966939211776733,89.3987231288332,10.411939242036528,2.529945135116577
50.1447744624246,53.494360781569505,92.64787619383961,8.89516923227261,2.2435102462768555
69.44517116327307,31.170000596108434,47.13572286641133,47.992313837608705,1.1501048803329468
61.19236157837244,39.83985880315181,77.9585452694722,19.646040104287888,1.5632532835006714
59.398781908885105,38.092978788628066,79.51493619261717,18.162404192858038,1.379873275756836
49.812451519923584,49.78252324548366,62.71157588830968,38.28550176522355,1.100165843963623
70.80750572576548,28.865164043076504,71.22448025351699,28.13687239975565,2.0504796504974365
59.188614071082945,41.50831439791287,59.994563225997226,37.612337452248994,1.0672862529754639
69.82850450505269,31.21345998957763,68.97011404099386,27.767445847685764,1.2334452867507935
,0.22814023130535463,,0.24113939273852833,4.636066913604736
48.93540227364629,51.186612779849135,51.91394466809064,50.49549770191295,1.0672862529754639
49.062039055728484,47.968209260968216,90.36195920566621,10.373231761028052,2.2435102462768555
65.10717058897384,37.22269732221637,69.44604021522106,34.92270229881112,1.2334452867507935
55.23038339325058,39.600892705157854,49.130064020437985,51.03527577245149,1.0672862529754639
46.74001308837457,47.98784347953348,70.03781983122623,31.310403113146254,1.379873275756836
71.65645027597735,30.42351421610534,79.33934976159135,17.05820277051277,2.0504796504974365
51.07666312355183,50.19488842956248,81.18982797499497,23.30557311790011,1.7167344093322754
69.62985427627095,30.484273931816738,78.3382425306129,21.70022103628651,1.5632532835006714
,0.0,,0.0,4.636066913604736
51.0667456483932,49.02175676067426,68.67753991302654,31.964176100035154,1.100165843963623
63.744321166194275,46.26148405172034,60.813898434313515,40.06327047700259,1.2334452867507935
45.19202700770052,52.012401324956436,89.52771538719706,8.994593342977412,1.7167344093322754
61.70951955741967,40.85580910962349,79.39143473557628,18.255808901267567,1.5632532835006714
52.656946716240775,50.473920927617485,90.21105257872198,8.938381484166209,2.2435102462768555
58.53110989702323,37.23487219832242,79.89961873821817,19.11859633950608,1.379873275756836
50.82281230142935,49.55111258186157,68.66597049672484,27.0295554381507,1.100165843963623
51.92929615861453,49.61927693942821,87.87510896383587,9.761101325824859,1.7167344093322754
47.4107798277362,51.30572110023082,67.70078929832881,30.151782048109705,1.100165843963623
50.08379080450612,49.63898824126163,79.74017439269846,21.25642352480023,1.379873275756836
,0.6392678791396145,,0.0,4.636066913604736
62.6216503156609,38.29167244655051,92.50978349579425,5.276287575337039,2.734595537185669
61.24246952340513,37.81575019239879,57.61366819293613,40.41914760101177,1.1501048803329468
50.42138405687973,50.039176980399574,72.44369012919687,32.87938487586563,1.379873275756836
67.03565025781099,30.75016452064236,83.80901366672195,21.814472052677253,1.8265643119812012
60.14026742981663,40.76643439647473,49.58040215430637,52.02452311266264,1.1501048803329468
49.30533390515564,50.13622926946587,69.62158207673698,30.732529502677338,1.100165843963623
60.91841652362481,36.69565665264649,78.34329579414597,20.998524852817432,1.5632532835006714
50.88956087973878,49.68556359512048,58.42801765770393,37.30438461626731,1.0672862529754639
49.56159833789962,49.85671481156084,68.77495516476299,29.442031210711832,1.100165843963623
68.24885984694913,32.37413236827291,59.409652657943916,38.65786561368283,1.1501048803329468
68.98029021680742,31.040175489138566,63.15692139133791,38.38669368921457,1.2334452867507935
50.96108804115708,50.53052027760446,63.15406785592036,38.32949877243334,1.100165843963623
48.67574139076965,53.271935886150345,51.23266340644067,52.46929844325259,1.0672862529754639
61.568056978082204,40.55212263077101,58.50782383933317,40.04496171340009,1.1501048803329468
68.25249968740367,31.526420397994773,72.05524630270529,29.8183996107924,1.5632532835006714
44.9061480662359,51.901960695897024,79.95186707609295,18.67055301387421,1.379873275756836
50.60523520435481,52.89859636038358,87.36557192295918,7.970946471476363,1.7167344093322754
69.87451511386544,27.5243492819636,91.2524524094363,8.404029493405135,2.734595537185669
49.873230184274824,51.436506317027366,90.59737490944586,10.597610394471552,2.2435102462768555
64.79122143895795,40.046605053642104,53.24161031134093,49.97728517595821,1.1501048803329468
61.12323129619867,40.69916453637172,62.77277574693567,39.52815575237818,1.2334452867507935
,2.6900406574932285,,0.0,4.636066913604736
49.496545963173936,47.182970169434846,71.13453421585172,31.657391780604087,1.379873275756836
56.54137214058723,40.48709705838581,68.20553026600233,28.783927695028012,1.100165843963623
60.750681704549855,39.158455960495445,56.917737697722025,45.10020654568287,1.1501048803329468
59.25260822296767,40.204995612468636,90.10449545545767,10.288334305894892,2.2435102462768555
66.16475340859081,30.000976321551665,81.63442041517943,18.497616207412648,1.8265643119812012
,0.0,,0.018277580222813682,4.636066913604736
72.20235603981735,31.818942435636142,60.69635873460049,40.65462308182979,2.0896055698394775
59.91858622388737,42.61371054440043,51.32167250709231,53.37833295381019,1.0672862529754639
69.58443192603123,27.009313878982525,51.98819432212471,50.073781908583854,1.1501048803329468
59.30032390248425,41.27462919066415,79.42539746721744,20.514716938573446,1.379873275756836
,0.0,,0.0,4.636066913604736
60.41744749859395,39.43280130870715,68.45679604093577,30.506409454274458,1.2334452867507935
67.98708515071274,30.61173346790037,59.2923005136538,40.10559140062428,1.1501048803329468
70.96759019088573,28.228429306875864,77.55372413440703,21.979460582289338,2.0504796504974365
70.50309187696628,27.375579878982123,70.49836264627908,28.716936889286117,2.0504796504974365
61.8248282874805,39.7567613786253,73.26229570689561,28.642831769689305,1.5632532835006714
60.327188089473594,37.68059006031946,93.8010834333277,10.253042708349254,2.734595537185669
51.33170198094329,48.95048724575863,87.54735920815995,9.049734132807625,1.7167344093322754
63.11512926166789,39.65510040030714,47.95406753539292,49.572236755478265,1.1501048803329468
49.37952259396527,48.42534203179247,80.43953545895987,19.974811631700845,1.7167344093322754
60.954027504427074,42.02958591722561,48.927681697681656,50.261810831801974,1.1501048803329468
58.44668066578959,40.16424191696163,67.85806390580555,28.233536786907123,1.100165843963623
65.32042400505289,29.794570166412853,50.692173157162514,49.328614168452134,1.1501048803329468
60.43283544845654,37.27518360429692,80.94122673193743,21.68291796371064,1.8265643119812012
60.02336785827586,37.59953684689063,71.2769713814881,30.735954041054597,1.5632532835006714
61.59185665958262,40.293065825861575,52.416875183993724,50.30081475501087,1.1501048803329468
57.69805427269058,36.542578423909205,70.65382292689488,29.88782325683161,1.379873275756836
60.02644293433911,37.93639327649138,92.31554087521971,6.982193953616609,2.734595537185669
61.268699805253014,42.75657164579929,72.83867977964944,33.38965646075337,1.5632532835006714
59.338040541283924,39.15096526639124,58.97372192922669,43.1518641285659,1.0672862529754639
58.15649838929047,38.86081540294745,66.67308157096349,27.909971321088175,1.100165843963623
57.45819070934078,38.35345136243856,61.37870617627155,37.88662436849086,1.100165843963623
50.95564438334927,50.80201206851944,87.73866551654886,10.775132254322862,1.7167344093322754
71.10061991946844,26.405531226297196,79.52792076091716,15.276989984948862,2.0504796504974365
58.44483986110186,39.3476197776457,68.25872204173788,30.84248836553002,1.100165843963623
50.70447383794805,53.06701071084211,73.37646843387417,30.855107843877864,1.379873275756836
62.35763996991034,38.869452495397965,47.882018146536566,49.28887772340113,1.1501048803329468
60.54865116456848,36.52642295123422,48.66978099145708,50.41654412286913,1.1501048803329468
50.82823214140302,49.98609644331941,78.5003883943776,20.88429043175543,1.379873275756836
66.63761670375904,28.403886323525697,68.88667622726565,32.89066572990484,1.2334452867507935
70.90590258585868,28.80534220913401,93.13214444402409,10.975875957183836,3.289682626724243
,0.0,,0.0,4.636066913604736
57.10090555445562,40.06825199391377,89.02888032085184,10.255058079455958,1.7167344093322754
56.25257242805397,36.24507289162484,90.42004272623143,9.24349590517605,2.2435102462768555
52.782290879465556,48.697814289557556,52.64013495986487,49.584743225820816,1.0672862529754639
68.66368459705843,35.23337530757897,90.04521100166748,11.801777991781716,2.734595537185669
70.9336844270728,28.81768780825019,89.17727597376677,7.848416686330684,2.529945135116577
60.230556246144694,41.44684664828598,60.735620899506905,38.9273947002982,1.2334452867507935
62.808059491407995,41.68710519626873,51.973617947932155,48.23525747159688,1.1501048803329468
69.88380166118687,28.861083186400272,62.72095269684057,41.08765202127189,1.2334452867507935
59.12793005530797,44.348806523809756,90.8038632089379,16.48613887351209,2.2435102462768555
59.94388429261942,36.84163263608388,52.391940732414156,50.93302269053597,1.0672862529754639
66.4526269385025,31.58337313194994,69.89171240132315,30.364594819018727,1.2334452867507935
50.59143153228722,47.80775083875793,61.74736581108321,37.12390241213784,1.100165843963623
49.296036862027314,48.5735639288212,69.55799526471134,28.451945940675106,1.100165843963623
60.84219358787405,38.25317271482559,92.04302613285056,9.6460215058627,2.734595537185669
59.54878034706061,38.757190264933634,89.79040362958695,8.5371599946672,1.7167344093322754
,1.67850802241926,,2.190909214380331,4.636066913604736
59.357275259618866,40.328906925192165,49.8315797084451,52.31714061001414,1.0672862529754639
48.22994404172419,47.42682560906463,83.55336211640737,18.170941617090122,1.7167344093322754
70.91601160217597,29.317544354985692,76.94898700625028,22.35544181989011,2.0504796504974365
50.362707440643824,49.71354022850832,63.63487809519405,39.15734917594434,1.100165843963623
51.01269715916085,51.26796468918433,47.868809543940166,49.11852453040934,1.0672862529754639
49.58630006987879,50.84053679632796,63.81833739370724,42.50953082116627,1.100165843963623
53.67741515396865,48.52782907601028,44.06679799746343,49.22478125393787,1.0672862529754639
71.07616833905483,31.279933271683312,76.05774528149614,23.282092348415205,2.0504796504974365
61.08193853132679,38.51066728577433,88.422714338259,8.834745934349266,1.8265643119812012
61.169945880017636,38.34492137274627,50.31759904664141,49.17413683104534,1.1501048803329468
71.93740133363548,26.464793160487467,69.69664658136843,28.359948845945794,2.0896055698394775
59.29018867420101,39.89216568075787,80.7463120169081,18.265368098838863,1.7167344093322754
61.15956867939393,35.62894480861954,86.355596956437,11.720620726836602,1.8265643119812012
71.68632258885093,28.961639072805923,81.5714670462323,20.293114707163454,2.529945135116577
51.261031512603566,51.496257183393446,48.95892274677222,49.774640919776395,1.0672862529754639
49.01362945691235,49.853247047591054,58.194894649698675,38.00294070829234,1.0672862529754639
,0.8301997550906575,,1.187398939913739,4.636066913604736
50.581555360730995,48.14683054841413,58.2360709225162,40.42618426724633,1.0672862529754639
60.84540473928983,40.4413763615931,71.23649859990795,33.87033617761693,1.5632532835006714
48.68518884622692,48.09921531204107,59.28382795355814,41.91081050360676,1.0672862529754639
68.86359562787061,28.874834529207675,69.5791609234542,27.736392041381112,1.2334452867507935
50.771624901342854,50.398054780753995,49.32334567157928,49.80327068744417,1.0672862529754639
61.363936868087784,41.089956854069335,49.30790968437284,47.885520449378106,1.1501048803329468
53.45381530408767,48.109177507486265,61.97466860458886,40.68940852878438,1.100165843963623
73.0727314156336,28.481837333154544,88.89424573176024,8.627442919360476,2.529945135116577
67.36117576834556,29.60517448634849,59.23402245012235,40.74603329976761,1.1501048803329468
60.268171549064796,42.6952415040516,58.82721941940324,40.53760217786064,1.1501048803329468
45.087277264537775,49.214046162307824,79.63324069493149,17.578624452633953,1.379873275756836
49.208503444316406,53.48885330746334,52.70128012350965,48.466353251223914,1.0672862529754639
70.47477017634992,29.060565303994665,81.80986411412395,19.17761235561942,2.529945135116577
49.98062048766188,48.407224312098755,88.46264577151643,10.553066661327476,1.7167344093322754
,1.427230743526672,,0.0,4.636066913604736
50.597054677353285,49.73005699447989,49.65083946360448,51.30607482665856,1.0672862529754639
51.55792623101858,48.69085114601424,92.67775183403404,10.272279476573885,2.2435102462768555
50.73725260756945,50.726485708409996,69.5709457106947,29.54707278620914,1.100165843963623
70.33837242733341,30.367645063001387,67.29376595929988,27.811206535969404,2.0896055698394775
61.645325560152244,37.472039605421095,61.49350330336341,41.46755760074427,1.2334452867507935
68.69867066912971,32.27628808786335,69.0038574827712,29.244013221848242,1.2334452867507935
61.66499117288732,41.5337869925189,46.89576936677568,49.22104279889682,1.1501048803329468
68.68650746926956,28.340944474114927,85.18336630290631,9.351690397249097,1.8265643119812012
52.0378486585575,48.04884205497667,82.94063539080699,20.47724934891495,1.7167344093322754
70.97167652575357,31.502737036736086,52.979244984123795,46.01033267075507,1.7966835498809814
47.66067460884847,48.90475237270567,48.387013429418644,51.3568569118689,1.0672862529754639
51.28841094200514,50.075668831887896,90.90276691375152,11.633663853548303,2.2435102462768555
67.26496154053268,31.820336524448024,82.02730230733218,21.05949298141416,1.8265643119812012
70.13141442811485,29.28576173350569,90.5678402046748,9.43600245938321,3.289682626724243
49.27081203800207,48.151796045179196,78.69874244001599,19.322201133463462,1.379873275756836
58.68331602286981,38.43840232917926,92.4891106891617,11.484591169858247,2.2435102462768555
57.21190247093403,39.300861871378466,49.470608111406804,52.59949052556367,1.0672862529754639
70.02799083720319,28.86182183892389,58.291934918525484,41.88592857161714,1.7966835498809814
62.33754881563441,39.31430953686223,53.380174162068194,51.20561979787744,1.1501048803329468
72.61279596893758,29.168776757910937,87.77367762967582,9.76144228289453,2.529945135116577
49.13885723759425,49.97673525582153,59.37420984433715,41.283762557319704,1.0672862529754639
52.900163771281164,49.38464856161598,87.48015465994744,8.128368613681719,1.7167344093322754
47.93628384273276,51.10310859959342,86.9363716906714,11.72674211655127,1.7167344093322754
72.2969887611702,28.003895490464064,59.498713283538535,39.87141593483314,1.7966835498809814
48.2435305589682,48.34705936495859,48.42857968670187,49.77976144256797,1.0672862529754639
,2.314745305194093,,0.0,4.636066913604736
,1.2475138450013723,,0.0,4.636066913604736
58.67763690188779,41.94162582224392,79.0465706966462,22.360862211861217,1.379873275756836
50.671732909974125,48.93313344904906,69.5495165795299,29.63102234067867,1.100165843963623
60.711193621768,40.50168547757304,51.45465555600382,49.79568121959154,1.1501048803329468
49.498762515852235,49.46487772369063,71.42316565282097,31.536430368799,1.379873275756836
,0.0,,0.0,4.636066913604736
68.39474917203962,29.57776481283023,60.64830708991053,38.416667868696315,1.2334452867507935
47.00196344566124,50.72070183182258,59.641691580892854,38.68530006548218,1.0672862529754639
59.05272094115107,40.865965854030954,90.79170946681734,8.479541841105066,2.2435102462768555
73.41505864869869,30.3333427779647,72.46984497203137,27.09465892529746,2.0504796504974365
69.26595522632377,32.987273977134066,54.80882993193909,53.56169481143337,1.1501048803329468
,0.0,,0.0,4.636066913604736
61.30917915320616,40.80676597596525,90.86617409910411,12.364925812152551,2.734595537185669
57.91576376141499,33.080423196073774,70.10026908334869,30.63917853687911,1.379873275756836
61.63535379377482,38.42543256299756,93.36734485063454,7.535240857730123,2.734595537185669
51.35383098051376,48.20393084563016,48.40162252869627,53.52785105916213,1.0672862529754639
50.04781095516577,52.20939501042184,62.1305322701267,41.56951957967085,1.100165843963623
66.76620969005646,30.965339477851,49.67862910589716,50.27107580337101,1.1501048803329468
57.840309337500024,36.66129089266262,73.16204321869488,30.109999526318422,1.379873275756836
70.24422500150499,30.22086682705259,57.2195649573307,38.89622944367002,1.7966835498809814
66.67082176096042,27.888145523746477,80.82335443329539,18.79965610967287,1.8265643119812012
68.2194093234236,32.92809647247264,90.9530247972691,11.471627233935115,2.734595537185669
47.47283068713361,53.94523047941337,90.66594404586212,9.892496347576103,2.2435102462768555
69.11630537073158,32.299618079071806,87.45982609203045,12.13619287069475,1.8265643119812012
49.298263681531665,51.12489272158564,62.438108400741925,38.68652913735247,1.100165843963623
70.46400897328562,27.902443508519706,59.430346469971994,41.45797435463626,1.7966835498809814
49.56992150094178,50.56311250184018,91.1266985095675,7.800555447155016,2.2435102462768555
50.32317770822959,50.62857594572488,59.60315077121503,38.526854482289245,1.0672862529754639
47.39758452637051,51.84695724560969,71.01364676336426,29.900684063034294,1.379873275756836
62.23194442975709,41.05614934507598,53.20424900944001,49.3774495314096,1.1501048803329468
46.45795310573637,49.92918733050171,79.19598167561409,18.81458931509127,1.379873275756836
61.205774551641305,39.5391382799368,83.38406573006753,22.204227625058664,1.8265643119812012
61.89540406936989,38.85411055876492,59.93369184444205,40.499954336720386,1.1501048803329468
51.662078126193556,48.376765223213724,57.23650441540585,38.87169138607027,1.0672862529754639
70.4424262361879,33.54754937831553,60.38232199202785,38.878099375270494,2.0896055698394775
73.18667353877603,29.411223029279235,73.21919486532309,29.77314309745504,2.0504796504974365
69.5017972653252,29.720775285939368,63.093071964571664,44.7628712304385,1.2334452867507935
70.72166766946886,31.552576408023803,79.97830318885025,18.99695164874224,2.0504796504974365
59.57493404385225,40.73080649820384,58.21112944705095,37.14368352519011,1.0672862529754639
71.69383675172722,30.652885332045997,87.4267392502729,7.917549330899174,2.529945135116577
68.82665011557573,26.700420457765432,81.5401868572632,20.82780586733221,1.8265643119812012
48.63579670846661,49.63516533687936,91.28922940895613,10.496424402332856,2.2435102462768555
58.85668166996898,40.26212630496629,89.59825558139623,9.271052571371214,1.7167344093322754
51.19689609594928,51.03130200440425,47.94625180977776,50.350699594297254,1.0672862529754639
,0.6182490186905253,,0.0,4.636066913604736
67.04639926529974,29.095454089417725,85.96711314573488,9.400885697255825,1.8265643119812012
59.12291868456196,38.26078027763961,66.8295119722479,28.170549828138512,1.100165843963623
59.93065302924681,39.707604758593575,92.00427270631567,11.667138637119823,2.2435102462768555
48.873704005283955,50.512966097304364,50.98539088167604,52.09501968891264,1.0672862529754639
45.87091795731339,52.267107695067374,67.9293563823948,31.237048067749782,1.100165843963623
68.66811122019622,26.968332695484847,90.72986851989971,10.542015835042013,2.734595537185669
59.722539068250356,41.14626796245881,73.01654513079508,30.04691153588134,1.379873275756836
58.842954530318416,40.063232700023036,61.010471186177284,39.69980083104385,1.100165843963623
60.41866277345792,42.55712673866738,61.861495309921956,42.664771785852935,1.2334452867507935
69.71566017902138,32.50564367008797,89.5272136171292,9.513222670039426,1.8265643119812012
72.61893309637799,31.815181482108148,69.95889451871712,33.48184649249406,2.0896055698394775
51.58553979319757,52.615677251324186,57.744978499476055,40.44635408692889,1.0672862529754639
72.06985883945687,29.868497806367188,59.285773449985555,38.02357924347673,1.7966835498809814
56.38153715721382,40.0653846845378,90.46701146532865,12.204174723784858,2.2435102462768555
68.20045036374377,30.756789226593188,70.43481349050731,35.39704446068559,1.5632532835006714
69.20759156758349,31.417376193910766,91.51609688755414,8.697588295019408,2.734595537185669
68.09456321940485,31.106809272249308,48.13273379923282,47.34513306435151,1.1501048803329468
67.65275233385232,28.0061800871963,60.44600291148811,37.506592358700786,1.2334452867507935
63.8199238019743,39.699194669478906,87.04125136325007,10.626873154432326,1.8265643119812012
51.29101871125583,50.02888823714692,59.92831491971793,39.91584897604699,1.0672862529754639
